<?xml version="1.0" encoding="UTF-8"?>
<project-private xmlns="http://www.netbeans.org/ns/project-private/1">
    <editor-bookmarks xmlns="http://www.netbeans.org/ns/editor-bookmarks/2" lastBookmarkId="0"/>
    <open-files xmlns="http://www.netbeans.org/ns/projectui-open-files/2">
        <group>
            <file>file:/C:/Users/oktri/OneDrive/Desktop/New%20folder/LaundryProject/src/home.java</file>
            <file>file:/C:/Users/oktri/OneDrive/Desktop/New%20folder/LaundryProject/src/Paket.java</file>
            <file>file:/C:/Users/oktri/OneDrive/Desktop/New%20folder/LaundryProject/src/petugas.java</file>
            <file>file:/C:/Users/oktri/OneDrive/Desktop/New%20folder/LaundryProject/src/login.java</file>
            <file>file:/C:/Users/oktri/OneDrive/Desktop/New%20folder/LaundryProject/src/OrderMasuk.java</file>
            <file>file:/C:/Users/oktri/OneDrive/Desktop/New%20folder/LaundryProject/src/Pelanggan.java</file>
            <file>file:/C:/Users/oktri/OneDrive/Desktop/New%20folder/LaundryProject/src/Transaksi.java</file>
            <file>file:/C:/Users/oktri/OneDrive/Desktop/New%20folder/LaundryProject/src/JenisCucian.java</file>
        </group>
    </open-files>
</project-private>
